epoch,time,train/box_loss,train/cls_loss,train/dfl_loss,metrics/precision(B),metrics/recall(B),metrics/mAP50(B),metrics/mAP50-95(B),val/box_loss,val/cls_loss,val/dfl_loss,lr/pg0,lr/pg1,lr/pg2
1,10.8386,2.03552,5.79927,2.00909,0.23726,0.17618,0.12826,0.05085,2.22338,5.35303,1.94865,0.000657658,0.000657658,0.000657658
2,19.0331,2.27598,5.24279,1.99952,0.00022,0.01887,0.00011,1e-05,3.55618,4.90339,3.14477,0.00132429,0.00132429,0.00132429
3,27.1965,2.64091,5.72286,2.31587,0,0,0,0,nan,nan,nan,0.00199077,0.00199077,0.00199077
4,35.3383,3.03006,5.04614,2.67754,0,0,0,0,nan,nan,nan,0.00199951,0.00199951,0.00199951
5,43.4894,2.97791,4.56129,2.58253,0,0,0,0,nan,nan,nan,0.00199913,0.00199913,0.00199913
6,51.6259,3.05122,4.30868,2.76912,0,0,0,0,nan,nan,nan,0.00199864,0.00199864,0.00199864
7,59.7673,2.88011,7.67822,2.59031,0,0,0,0,nan,nan,nan,0.00199805,0.00199805,0.00199805
8,67.9363,3.10556,8.45468,2.75905,0.14245,0.09434,0.05228,0.02093,3.09803,11.4507,2.89191,0.00199734,0.00199734,0.00199734
9,76.1039,3.21158,5.11203,2.75829,0,0,0,0,nan,nan,nan,0.00199653,0.00199653,0.00199653
10,84.2659,2.9412,4.29827,2.63302,0,0,0,0,nan,nan,nan,0.00199561,0.00199561,0.00199561
11,92.4055,2.94048,4.04788,2.66106,0,0,0,0,nan,nan,nan,0.00199458,0.00199458,0.00199458
12,100.535,2.8732,3.92967,2.58013,0,0,0,0,nan,nan,nan,0.00199344,0.00199344,0.00199344
13,108.667,2.69454,3.61399,2.44845,0.00667,0.03774,0.0042,0.00098,nan,nan,nan,0.00199219,0.00199219,0.00199219
14,116.798,2.737,3.53635,2.63827,0,0,0,0,nan,nan,nan,0.00199084,0.00199084,0.00199084
15,124.959,2.63312,3.43008,2.51282,0.01313,0.03774,0.00288,0.00081,nan,nan,nan,0.00198938,0.00198938,0.00198938
16,133.684,2.63799,3.25422,2.43469,0.08671,0.20755,0.08146,0.01566,nan,nan,nan,0.00198781,0.00198781,0.00198781
17,142.027,2.51352,2.95237,2.38577,0.11753,0.20755,0.0597,0.01576,nan,nan,nan,0.00198614,0.00198614,0.00198614
18,150.336,2.52944,3.09893,2.3677,0.36737,0.20755,0.19943,0.06275,2.73081,2.74776,2.67206,0.00198435,0.00198435,0.00198435
19,158.659,2.40568,2.78916,2.20794,0.40743,0.18868,0.14055,0.0411,2.66758,2.77716,2.65281,0.00198246,0.00198246,0.00198246
20,166.877,2.38028,3.08564,2.37641,0.59198,0.18868,0.20312,0.06442,2.70467,2.51339,2.79543,0.00198047,0.00198047,0.00198047
21,175.058,2.52889,2.93292,2.35569,0.46434,0.18868,0.15062,0.0538,2.75476,6.04742,3.03876,0.00197837,0.00197837,0.00197837
22,183.136,2.406,3.09243,2.37586,0.14341,0.19591,0.10706,0.04545,2.87865,5.1667,3.08586,0.00197616,0.00197616,0.00197616
23,191.23,2.6281,3.05543,2.39952,0.23684,0.15094,0.14384,0.06545,2.60209,2.67499,2.73038,0.00197384,0.00197384,0.00197384
24,199.409,2.50609,3.04665,2.36033,0.354,0.15094,0.14944,0.06898,2.4885,2.6368,2.55106,0.00197142,0.00197142,0.00197142
25,207.492,2.49325,2.85743,2.41191,0.28273,0.24528,0.1998,0.0998,2.62611,2.65348,2.58224,0.0019689,0.0019689,0.0019689
26,215.807,2.43024,3.06448,2.43124,0.33714,0.16981,0.22173,0.08268,2.51901,2.86916,2.4614,0.00196627,0.00196627,0.00196627
27,223.868,2.3811,2.74975,2.36424,0.07904,0.43396,0.17847,0.07419,2.6203,3.70735,2.40491,0.00196353,0.00196353,0.00196353
28,231.909,2.39881,2.55488,2.28457,0.38996,0.24528,0.20848,0.08223,2.47227,2.49247,2.35964,0.00196069,0.00196069,0.00196069
29,240.184,2.32361,2.64477,2.25047,0.30102,0.37736,0.22722,0.10548,2.38639,2.38148,2.40248,0.00195775,0.00195775,0.00195775
30,248.491,2.26344,2.67043,2.31724,0.33158,0.30189,0.22473,0.10309,2.45612,2.58377,2.42976,0.0019547,0.0019547,0.0019547
31,256.911,2.16777,2.52101,2.12566,0.27815,0.20755,0.1866,0.09998,2.59552,3.48459,2.65769,0.00195155,0.00195155,0.00195155
32,265.249,2.27062,2.55814,2.24509,0.33677,0.22642,0.16396,0.07022,2.48861,3.87353,2.58775,0.00194829,0.00194829,0.00194829
33,273.441,2.36709,2.64332,2.30689,0.30832,0.24528,0.1652,0.08421,2.44896,3.37909,2.66036,0.00194493,0.00194493,0.00194493
34,281.475,2.13495,2.33734,2.17445,0.3601,0.22642,0.22193,0.11583,2.41365,2.36551,2.48396,0.00194147,0.00194147,0.00194147
35,289.758,2.18644,2.44994,2.15778,0.32072,0.18868,0.18881,0.09978,2.36819,2.4228,2.33167,0.00193791,0.00193791,0.00193791
36,297.853,2.22231,2.50983,2.15202,0.34818,0.16981,0.18417,0.09561,2.40252,2.52562,2.30901,0.00193424,0.00193424,0.00193424
37,306.061,2.36487,2.6924,2.22796,0.37326,0.14626,0.1343,0.06251,2.52414,2.76628,2.47644,0.00193048,0.00193048,0.00193048
38,314.47,2.15684,2.4809,2.20371,0.44353,0.16981,0.20619,0.09144,2.63589,3.26592,2.46668,0.00192661,0.00192661,0.00192661
39,322.834,2.0447,2.41048,2.10768,0.51207,0.16981,0.20855,0.09633,2.31581,2.31615,2.27218,0.00192264,0.00192264,0.00192264
40,331.202,1.96693,2.23278,2.02629,0.26193,0.32075,0.22067,0.09801,2.27524,2.41939,2.27983,0.00191858,0.00191858,0.00191858
41,339.568,2.0106,2.33011,2.03542,0.37038,0.37736,0.28265,0.13582,2.26488,2.25821,2.34324,0.00191441,0.00191441,0.00191441
42,348.135,2.17968,2.43794,2.11775,0.41237,0.41052,0.32933,0.14733,2.21005,2.26376,2.2242,0.00191014,0.00191014,0.00191014
43,356.566,2.01935,2.30655,2.04683,0.32362,0.41509,0.27937,0.13181,2.33245,2.30529,2.38622,0.00190578,0.00190578,0.00190578
44,365.017,2.07773,2.1991,2.11581,0.29087,0.37736,0.27416,0.1305,2.27312,2.30587,2.31216,0.00190132,0.00190132,0.00190132
45,373.408,2.17648,2.4408,2.2515,0.25912,0.29043,0.22845,0.10513,2.24276,2.51435,2.26391,0.00189675,0.00189675,0.00189675
46,381.865,2.17847,2.29221,2.21352,0.35915,0.18868,0.19521,0.10447,2.16915,2.31059,2.23201,0.0018921,0.0018921,0.0018921
47,390.278,2.08282,2.58646,2.19896,0.26358,0.30189,0.18715,0.1053,2.23939,2.54006,2.29757,0.00188734,0.00188734,0.00188734
48,398.597,1.74934,2.12679,1.84966,0.41005,0.26415,0.23098,0.12956,2.18033,2.18448,2.323,0.00188249,0.00188249,0.00188249
49,406.921,1.88033,2.33367,1.99186,0.30994,0.35849,0.21682,0.11814,2.14644,2.24461,2.36531,0.00187754,0.00187754,0.00187754
50,415.191,2.0118,2.54824,2.20375,0.26329,0.32075,0.20192,0.10072,2.24255,2.26327,2.40466,0.0018725,0.0018725,0.0018725
51,423.561,1.74766,2.25235,1.86839,0.24316,0.34559,0.18394,0.08847,2.26292,2.24594,2.36382,0.00186737,0.00186737,0.00186737
52,432.053,1.98748,2.2459,2.09419,0.38792,0.33962,0.24062,0.11371,2.15692,2.21637,2.24976,0.00186213,0.00186213,0.00186213
53,440.471,1.88301,2.15472,1.91866,0.32817,0.28302,0.25539,0.13154,2.23828,2.22034,2.28353,0.00185681,0.00185681,0.00185681
54,448.81,1.95686,2.26093,2.11271,0.45578,0.26415,0.24007,0.11749,2.16436,2.21559,2.27088,0.00185139,0.00185139,0.00185139
55,457.227,1.9507,2.15889,1.99783,0.3552,0.24528,0.21263,0.11343,2.30728,2.21789,2.23945,0.00184588,0.00184588,0.00184588
56,465.383,1.88467,2.23797,1.99066,0.4546,0.35849,0.37841,0.15557,2.2917,2.16989,2.24607,0.00184028,0.00184028,0.00184028
57,473.484,1.81398,1.99379,1.94223,0.40377,0.40895,0.30352,0.1472,2.1795,2.03418,2.18671,0.00183459,0.00183459,0.00183459
58,481.546,1.91794,2.23689,2.1008,0.32276,0.4717,0.34578,0.15984,2.01329,2.01519,2.09157,0.00182881,0.00182881,0.00182881
59,489.661,1.84269,2.06234,1.94219,0.33111,0.39623,0.28125,0.13407,2.25186,2.18648,2.26551,0.00182294,0.00182294,0.00182294
60,497.708,1.75736,1.93219,1.83796,0.42919,0.39623,0.29427,0.14199,2.26177,2.15821,2.33203,0.00181698,0.00181698,0.00181698
61,505.717,1.86507,2.16377,1.9752,0.39334,0.41509,0.29952,0.16556,2.13469,2.18505,2.22299,0.00181093,0.00181093,0.00181093
62,513.905,1.69739,1.89091,1.8451,0.63557,0.37736,0.34688,0.17137,2.06084,2.07688,2.11514,0.00180479,0.00180479,0.00180479
63,522.1,1.87045,1.96726,1.95505,0.44829,0.43396,0.34862,0.17656,2.00998,1.9844,2.07994,0.00179856,0.00179856,0.00179856
64,530.274,1.8188,1.95342,1.90228,0.51237,0.45283,0.36887,0.18659,2.00512,1.97032,2.07439,0.00179225,0.00179225,0.00179225
65,538.463,1.92489,2.19541,2.05065,0.45258,0.35849,0.29444,0.14795,2.15973,2.13034,2.25118,0.00178586,0.00178586,0.00178586
66,546.467,1.83226,2.0465,2.00137,0.43226,0.33962,0.2863,0.14652,2.22682,2.11473,2.29554,0.00177937,0.00177937,0.00177937
67,554.517,1.77162,1.81677,1.88174,0.53167,0.35849,0.34343,0.17365,2.03919,2.06728,2.09758,0.00177281,0.00177281,0.00177281
68,562.898,2.0331,2.15418,2.11604,0.51122,0.41509,0.33134,0.15493,2.14027,2.12467,2.21619,0.00176616,0.00176616,0.00176616
69,571.161,1.90897,2.05623,2.03277,0.59993,0.45283,0.36619,0.17237,2.19183,2.03013,2.27735,0.00175943,0.00175943,0.00175943
70,579.427,1.76959,1.86025,1.83888,0.46098,0.4035,0.3293,0.16023,2.16082,2.09037,2.25178,0.00175261,0.00175261,0.00175261
71,587.672,1.75355,1.95851,1.87755,0.38907,0.43396,0.30502,0.15257,2.17524,2.11636,2.26521,0.00174571,0.00174571,0.00174571
72,595.936,1.74262,1.86752,1.89775,0.46003,0.35849,0.32232,0.16384,2.11207,2.12349,2.21171,0.00173874,0.00173874,0.00173874
73,604.223,1.85342,2.02201,1.88526,0.58849,0.43396,0.38899,0.18058,2.04822,2.06618,2.14718,0.00173168,0.00173168,0.00173168
74,612.527,1.79202,1.91127,1.93905,0.53568,0.37736,0.31816,0.16715,2.06424,2.28741,2.07849,0.00172454,0.00172454,0.00172454
75,620.871,1.82419,2.0155,1.90874,0.44022,0.41509,0.28584,0.14716,2.01601,2.31319,2.05679,0.00171733,0.00171733,0.00171733
76,629.249,1.83009,1.92157,1.92532,0.42841,0.39623,0.3241,0.16964,2.07188,2.22779,2.10991,0.00171004,0.00171004,0.00171004
77,637.603,1.75288,1.76387,1.8743,0.33837,0.41509,0.29421,0.1603,2.07312,2.20214,2.1877,0.00170267,0.00170267,0.00170267
78,645.973,1.89002,1.939,1.97646,0.28485,0.37579,0.27192,0.14351,2.17043,2.31715,2.29391,0.00169522,0.00169522,0.00169522
79,654.303,1.64029,1.79653,1.75573,0.4261,0.35849,0.29908,0.17747,2.13125,2.23255,2.23542,0.0016877,0.0016877,0.0016877
80,662.804,1.78684,1.97206,1.96976,0.41383,0.32075,0.31139,0.18029,2.00123,1.97604,2.10181,0.00168011,0.00168011,0.00168011
81,671.228,1.7711,1.82731,1.91898,0.51377,0.39623,0.32957,0.19142,2.04792,2.04256,2.14546,0.00167244,0.00167244,0.00167244
82,679.788,1.68644,1.75351,1.74464,0.4067,0.37736,0.27058,0.14907,2.31371,2.67061,2.33433,0.0016647,0.0016647,0.0016647
83,688.161,1.67008,1.7824,1.79015,0.43585,0.42282,0.35083,0.19617,2.0152,1.92247,2.12678,0.00165689,0.00165689,0.00165689
84,696.411,1.77047,1.90676,1.92625,0.51433,0.43396,0.38782,0.2074,1.90019,1.83838,2.02417,0.001649,0.001649,0.001649
85,704.701,1.73086,1.8165,1.80354,0.50109,0.41509,0.3569,0.18617,2.06684,1.97109,2.1204,0.00164105,0.00164105,0.00164105
86,712.861,1.78792,1.88839,1.84778,0.5064,0.39623,0.33954,0.16862,2.1526,1.97207,2.18728,0.00163303,0.00163303,0.00163303
87,721.193,1.84889,1.85031,1.95623,0.57916,0.39623,0.33139,0.16557,2.10574,1.97536,2.1546,0.00162494,0.00162494,0.00162494
88,729.499,1.72779,1.84522,1.87878,0.56687,0.39623,0.33305,0.17484,2.07917,2.02067,2.21899,0.00161678,0.00161678,0.00161678
89,737.784,1.72429,1.77057,1.92832,0.50697,0.43396,0.33127,0.18206,2.06356,1.92722,2.23043,0.00160855,0.00160855,0.00160855
90,746.12,1.85382,1.96758,1.95775,0.39374,0.30643,0.2324,0.13219,2.22278,2.37255,2.34627,0.00160026,0.00160026,0.00160026
91,754.634,1.71951,1.80887,1.85505,0.44325,0.15094,0.1743,0.10402,2.39292,2.91114,2.44101,0.00159191,0.00159191,0.00159191
92,763.103,1.7206,1.63859,1.86362,0.41001,0.39623,0.28545,0.17235,2.01586,2.27657,2.11399,0.00158349,0.00158349,0.00158349
93,771.599,1.65229,1.79164,1.86034,0.49845,0.39623,0.34975,0.19541,1.9429,2.0554,2.01484,0.00157501,0.00157501,0.00157501
94,780.036,1.66868,1.69695,1.90796,0.56989,0.45283,0.41001,0.2239,1.91843,1.78203,1.99106,0.00156646,0.00156646,0.00156646
95,788.594,1.78563,1.76657,1.80053,0.60597,0.43396,0.3837,0.19325,2.00889,1.86142,2.01748,0.00155786,0.00155786,0.00155786
96,797.016,1.67094,1.71005,1.79099,0.51144,0.41509,0.36101,0.182,2.05272,1.87366,2.08133,0.00154919,0.00154919,0.00154919
97,805.426,1.67631,1.70248,1.79668,0.47977,0.37736,0.34236,0.19057,2.07534,1.92812,2.12762,0.00154047,0.00154047,0.00154047
98,813.622,1.63537,1.63105,1.84095,0.46072,0.30189,0.29482,0.15755,2.30073,2.34777,2.35933,0.00153169,0.00153169,0.00153169
99,821.903,1.75367,1.88675,1.90713,0.63616,0.33007,0.31198,0.18622,2.1219,2.22721,2.2246,0.00152285,0.00152285,0.00152285
100,830.017,1.48787,1.56711,1.72426,0.64687,0.41475,0.37353,0.20869,2.07276,1.87129,2.1504,0.00151395,0.00151395,0.00151395
101,838.137,1.60661,1.53772,1.71418,0.66091,0.37736,0.34501,0.18826,2.18123,2.02529,2.24966,0.001505,0.001505,0.001505
102,846.265,1.63339,1.54434,1.75079,0.67483,0.33962,0.3574,0.21044,1.98478,1.85537,2.10055,0.00149599,0.00149599,0.00149599
103,854.325,1.7654,1.7011,1.84564,0.61727,0.41509,0.37911,0.21001,1.95462,1.85181,2.08642,0.00148694,0.00148694,0.00148694
104,862.404,1.7334,1.71429,1.84899,0.63083,0.45141,0.3853,0.20741,1.96714,1.90669,2.12802,0.00147783,0.00147783,0.00147783
105,870.49,1.63762,1.72233,1.81184,0.61895,0.30189,0.29345,0.16048,2.13207,2.24676,2.21674,0.00146866,0.00146866,0.00146866
106,878.555,1.62357,1.5884,1.77284,0.49028,0.30865,0.28169,0.17038,2.08377,2.20247,2.17725,0.00145945,0.00145945,0.00145945
107,886.62,1.68512,1.78617,1.84384,0.48132,0.3678,0.28683,0.16664,2.0093,2.18001,2.12179,0.00145019,0.00145019,0.00145019
108,894.679,1.6081,1.99648,1.81775,0.56312,0.31628,0.30372,0.16715,2.09802,2.11422,2.10104,0.00144088,0.00144088,0.00144088
109,902.719,1.79038,1.65365,1.86473,0.50273,0.33962,0.32204,0.15779,2.12628,2.05301,2.09177,0.00143152,0.00143152,0.00143152
110,910.782,1.59244,1.69534,1.66491,0.52164,0.37736,0.34684,0.18634,2.00347,1.98554,2.06003,0.00142212,0.00142212,0.00142212
111,918.772,1.49254,1.48082,1.6404,0.57576,0.37736,0.35732,0.2011,1.95151,1.9049,2.10744,0.00141267,0.00141267,0.00141267
112,926.777,1.50021,1.47742,1.68563,0.64344,0.37462,0.3429,0.18978,1.98039,2.07977,2.13761,0.00140318,0.00140318,0.00140318
113,934.776,1.55858,1.61773,1.71738,0.61717,0.27395,0.26254,0.14273,2.03393,2.69544,2.20966,0.00139364,0.00139364,0.00139364
114,942.769,1.65006,1.5711,1.72086,0.56636,0.28302,0.28323,0.14499,2.15757,2.31662,2.26337,0.00138406,0.00138406,0.00138406
115,950.756,1.56196,1.54665,1.69034,0.61501,0.33171,0.35616,0.19057,2.05994,1.96705,2.17636,0.00137444,0.00137444,0.00137444
116,958.781,1.66023,1.75522,1.78458,0.6055,0.41509,0.39259,0.19635,2.00414,1.82349,2.1323,0.00136478,0.00136478,0.00136478
117,966.768,1.60025,1.53006,1.69246,0.54384,0.4717,0.40883,0.20247,2.01674,1.87417,2.14808,0.00135509,0.00135509,0.00135509
118,974.804,1.6225,1.49795,1.75307,0.60062,0.35849,0.33652,0.18287,1.95843,2.16828,2.10447,0.00134535,0.00134535,0.00134535
119,982.792,1.616,1.66233,1.78118,0.58205,0.39623,0.35243,0.20048,2.0493,1.89935,2.12918,0.00133558,0.00133558,0.00133558
120,990.8,1.43623,1.39994,1.64104,0.60576,0.33962,0.32862,0.18368,2.01307,1.97857,2.0693,0.00132577,0.00132577,0.00132577
121,998.797,1.5287,1.48307,1.59835,0.50941,0.41509,0.35872,0.19835,1.93106,1.87206,2.02371,0.00131593,0.00131593,0.00131593
122,1006.83,1.49937,1.52222,1.75648,0.64395,0.41509,0.40608,0.23089,1.88777,1.78581,2.00621,0.00130605,0.00130605,0.00130605
123,1014.89,1.51956,1.40202,1.67976,0.62692,0.53909,0.46288,0.26723,1.87288,1.75263,2.03287,0.00129614,0.00129614,0.00129614
124,1023.07,1.68837,1.62151,1.86466,0.57586,0.5124,0.44747,0.23359,1.94048,1.79397,2.10568,0.0012862,0.0012862,0.0012862
125,1031.07,1.56075,1.42379,1.78527,0.57532,0.49057,0.41284,0.21251,2.04132,1.89182,2.1716,0.00127623,0.00127623,0.00127623
126,1039.08,1.55739,1.50224,1.74568,0.59277,0.32075,0.34816,0.18707,2.10806,2.0805,2.25787,0.00126623,0.00126623,0.00126623
127,1047.1,1.55505,1.57006,1.78804,0.54435,0.32075,0.3123,0.17102,2.11284,2.22819,2.28404,0.0012562,0.0012562,0.0012562
128,1055.13,1.65159,1.59186,1.80764,0.49849,0.37736,0.34897,0.19296,2.06003,1.96011,2.22266,0.00124615,0.00124615,0.00124615
129,1063.22,1.44211,1.31691,1.61818,0.50537,0.4717,0.37512,0.20623,2.06143,1.83486,2.20663,0.00123607,0.00123607,0.00123607
130,1071.23,1.44097,1.51099,1.67043,0.56063,0.50943,0.37707,0.21116,2.00692,1.83449,2.15988,0.00122596,0.00122596,0.00122596
131,1079.25,1.50247,1.40814,1.74721,0.57142,0.50321,0.36092,0.21728,1.91352,1.75238,2.0464,0.00121583,0.00121583,0.00121583
132,1087.26,1.44344,1.52849,1.63944,0.60938,0.49057,0.38335,0.22431,1.94297,1.72652,2.08006,0.00120568,0.00120568,0.00120568
133,1095.31,1.66005,1.50182,1.84398,0.62092,0.4717,0.37973,0.2262,1.98633,1.78275,2.1028,0.00119551,0.00119551,0.00119551
134,1103.29,1.39811,1.40058,1.67176,0.63308,0.4717,0.3801,0.22068,2.00319,1.80364,2.09316,0.00118531,0.00118531,0.00118531
135,1111.29,1.49888,1.39359,1.65411,0.56895,0.4732,0.43609,0.2218,2.04466,1.91177,2.12904,0.0011751,0.0011751,0.0011751
136,1119.29,1.56902,1.58872,1.56338,0.58168,0.47227,0.45269,0.23123,2.03326,1.87615,2.12182,0.00116487,0.00116487,0.00116487
137,1127.32,1.45916,1.49419,1.66427,0.53001,0.41509,0.35541,0.2103,1.9407,1.81302,2.07903,0.00115462,0.00115462,0.00115462
138,1135.38,1.39047,1.26397,1.56325,0.5529,0.41509,0.35049,0.21851,1.88715,1.72427,2.0243,0.00114436,0.00114436,0.00114436
139,1143.71,1.40831,1.45467,1.62508,0.54192,0.37951,0.34815,0.20834,1.93427,1.7782,2.09476,0.00113408,0.00113408,0.00113408
140,1152.49,1.51869,1.45291,1.72675,0.45303,0.41509,0.33242,0.19867,1.97942,1.79306,2.1656,0.00112379,0.00112379,0.00112379
141,1161.83,1.38831,1.33141,1.662,0.48876,0.4717,0.36919,0.21532,1.96289,1.61818,2.12572,0.00111348,0.00111348,0.00111348
142,1171.21,1.39198,1.37631,1.50238,0.56766,0.5283,0.40077,0.22807,1.92289,1.57437,2.11505,0.00110317,0.00110317,0.00110317
143,1180.68,1.45307,1.48004,1.61827,0.66006,0.47636,0.4331,0.24134,1.90783,1.58478,2.11428,0.00109284,0.00109284,0.00109284
144,1190.1,1.3348,1.31346,1.48217,0.56043,0.4717,0.37268,0.20958,1.99682,1.9104,2.21747,0.00108251,0.00108251,0.00108251
145,1199.55,1.45609,1.32212,1.63014,0.57197,0.43396,0.36597,0.20083,2.06434,1.98481,2.23368,0.00107216,0.00107216,0.00107216
146,1209.04,1.25449,1.20599,1.5466,0.6597,0.39623,0.36295,0.201,2.04237,1.86576,2.22087,0.00106181,0.00106181,0.00106181
147,1218.45,1.38347,1.25309,1.55106,0.54343,0.41509,0.36616,0.20316,2.06908,1.90217,2.27031,0.00105146,0.00105146,0.00105146
148,1227.88,1.39666,1.19001,1.56116,0.62337,0.46851,0.41548,0.2399,1.96171,1.74148,2.19337,0.0010411,0.0010411,0.0010411
149,1237.31,1.36752,1.23093,1.60041,0.60135,0.49057,0.44704,0.24783,1.87422,1.60874,2.16144,0.00103073,0.00103073,0.00103073
150,1246.74,1.33848,1.30581,1.55406,0.61898,0.52118,0.43882,0.24103,1.91897,1.71089,2.09527,0.00102037,0.00102037,0.00102037
151,1256.23,1.55237,1.38338,1.82717,0.59878,0.49057,0.42116,0.22152,1.93878,1.75339,2.10874,0.00101,0.00101,0.00101
152,1265.66,1.26301,1.13271,1.51723,0.59814,0.50943,0.40633,0.22611,1.9351,1.72959,2.10081,0.000999633,0.000999633,0.000999633
153,1275.11,1.41525,1.38321,1.639,0.58373,0.49057,0.39726,0.21955,1.98171,1.75804,2.15825,0.000989267,0.000989267,0.000989267
154,1284.54,1.35152,1.21549,1.46201,0.55611,0.43396,0.38698,0.21579,1.94268,1.75962,2.13349,0.000978903,0.000978903,0.000978903
155,1293.99,1.44266,1.20557,1.69032,0.52828,0.43396,0.39554,0.21249,1.91021,1.74329,2.10414,0.000968543,0.000968543,0.000968543
156,1303.45,1.41492,1.194,1.63569,0.55734,0.47519,0.39363,0.20751,1.91595,1.73349,2.108,0.000958187,0.000958187,0.000958187
157,1312.89,1.42312,1.18669,1.64592,0.50084,0.4717,0.37711,0.21183,1.95252,1.69381,2.11872,0.000947837,0.000947837,0.000947837
158,1322.33,1.48879,1.29169,1.68424,0.56079,0.4717,0.40963,0.23579,1.96642,1.67186,2.14167,0.000937494,0.000937494,0.000937494
159,1331.75,1.43391,1.31012,1.64323,0.54489,0.45182,0.37425,0.2149,1.98671,1.71594,2.1466,0.000927159,0.000927159,0.000927159
160,1341.17,1.37659,1.21856,1.54133,0.5569,0.4717,0.36677,0.20761,1.99072,1.70646,2.1716,0.000916833,0.000916833,0.000916833
161,1350.6,1.39996,1.21618,1.51374,0.51379,0.45283,0.35366,0.18274,1.99844,1.86061,2.20081,0.000906517,0.000906517,0.000906517
162,1360.05,1.44494,1.28052,1.61875,0.55687,0.4717,0.35142,0.18029,1.9809,1.86325,2.19293,0.000896212,0.000896212,0.000896212
163,1369.46,1.32578,1.22738,1.44589,0.63736,0.45283,0.39337,0.21981,1.85312,1.70782,2.0599,0.00088592,0.00088592,0.00088592
164,1378.93,1.25919,1.21529,1.54736,0.64771,0.5283,0.41005,0.23138,1.80916,1.60092,2.04694,0.000875642,0.000875642,0.000875642
165,1388.36,1.3529,1.29629,1.53902,0.62715,0.50943,0.40879,0.23254,1.7733,1.60275,2.01943,0.000865378,0.000865378,0.000865378
166,1397.8,1.44481,1.30361,1.66184,0.6295,0.49057,0.40569,0.23328,1.77223,1.65244,2.01213,0.00085513,0.00085513,0.00085513
167,1407.24,1.34728,1.21233,1.60783,0.56514,0.4717,0.3865,0.21414,1.84055,1.75938,2.03292,0.000844899,0.000844899,0.000844899
168,1416.73,1.19399,1.11272,1.36001,0.58637,0.41509,0.34955,0.1929,1.90627,2.09253,2.06149,0.000834686,0.000834686,0.000834686
169,1426.2,1.38273,1.27962,1.57161,0.68468,0.49165,0.46837,0.23362,1.92175,1.55441,2.1162,0.000824492,0.000824492,0.000824492
170,1435.65,1.34907,1.19266,1.65135,0.66217,0.4717,0.43039,0.22952,1.94782,1.52748,2.15795,0.000814319,0.000814319,0.000814319
171,1443.66,1.29061,1.04893,1.55841,0.61014,0.47247,0.39958,0.22132,1.99571,1.56637,2.22073,0.000804167,0.000804167,0.000804167
172,1451.71,1.20532,1.04911,1.457,0.61244,0.49057,0.40205,0.19757,2.02752,1.59308,2.25285,0.000794038,0.000794038,0.000794038
173,1459.86,1.43898,1.19091,1.587,0.6089,0.50943,0.389,0.19414,1.9994,1.61695,2.19437,0.000783933,0.000783933,0.000783933
